<Ui xmlns="http://www.blizzard.com/wow/ui/" xmlns:xsi="http://www.w3.org/2001/XMLSchema-instance" xsi:schemaLocation="http://www.blizzard.com/wow/ui/
..\FrameXML\UI.xsd">
	<Script file="UserRules.lua"/>
	<Script file="Common.lua"/>
	<Script file="Deathknight.lua"/>
	<Script file="Demonhunter.lua"/>
	<Script file="Druid.lua"/>
	<Script file="Evoker.lua"/>
	<Script file="Hunter.lua"/>
	<Script file="Mage.lua"/>
	<Script file="Monk.lua"/>
	<Script file="Paladin.lua"/>
	<Script file="Priest.lua"/>
	<Script file="Rogue.lua"/>
	<Script file="Shaman.lua"/>
	<Script file="Warlock.lua"/>
	<Script file="Warrior.lua"/>
</Ui>
